	importance
C[C>A]G	0.049608895496053816
G[C>A]A	0.03083556620796723
G[C>A]C	0.030263993061922883
C[C>A]C	0.02807303850074456
G[C>A]T	0.027443300194333935
C[T>A]G	0.02567418287764819
T[C>A]T	0.025591106284457505
C[C>A]A	0.0248227389991747
A[C>A]C	0.023094094668379844
C[C>T]G	0.02151105581606861
A[T>A]G	0.021151054583333374
G[T>A]A	0.019960236950740888
T[T>A]G	0.01963391030940539
T[C>A]G	0.018173218222129153
C[C>A]T	0.017878107970176887
T[C>A]A	0.017775651448157695
A[C>A]A	0.016228582349802092
C[T>A]C	0.015326423254992269
A[T>C]G	0.014597875382359904
G[C>A]G	0.014235399774613808
T[C>A]C	0.013791928520344046
C[T>A]T	0.013516429745256752
A[C>A]T	0.012129296192872662
T[C>T]G	0.012041269762504279
A[C>T]G	0.011948540414472108
G[C>G]G	0.011931000031640156
T[C>T]T	0.011348953789169149
A[T>C]A	0.01122455665975486
C[T>C]G	0.01108565036255964
G[C>T]G	0.010877319286928077
G[C>G]C	0.0108614794742136
C[T>G]G	0.010839532651435741
T[C>G]C	0.01057168694469868
G[C>T]A	0.01044772385201629
C[C>T]A	0.010309119516908416
G[C>T]C	0.010225560681114437
G[T>C]A	0.009879242590938295
C[T>C]T	0.009817540869521559
C[T>A]A	0.009764247706663906
A[C>T]A	0.00974809637394294
T[C>G]G	0.009417051414148189
C[C>T]C	0.009233368469621995
A[C>A]G	0.009060986005841527
T[C>T]C	0.008957604272376652
C[C>G]G	0.008578848852268903
A[T>A]C	0.00853205423614093
A[C>T]C	0.008359854370614293
C[C>T]T	0.008351258538527214
G[T>A]T	0.00832600437658436
A[C>G]T	0.008263889027480485
T[T>C]G	0.008139015037936284
T[T>A]T	0.008128370495234611
A[T>C]T	0.00810789073975162
T[T>C]A	0.007856036845052896
age_years	0.007315450882948186
G[C>G]T	0.007235542629476367
G[T>G]T	0.007059548710567155
T[C>T]A	0.00692489814252797
T[T>A]C	0.0067591979117241725
A[C>T]T	0.00630476273006083
C[C>G]A	0.00620797136695194
A[C>G]C	0.006158367916435839
A[T>A]A	0.006118967176814921
G[C>G]A	0.00592440565203063
A[T>G]C	0.0058711425575391305
T[C>G]T	0.005853725775420485
G[T>C]T	0.0058307100587890615
G[T>C]G	0.005793357811425848
A[C>G]G	0.0056165279264724375
C[T>C]C	0.005517991624978422
C[C>G]T	0.0053987794881159646
C[T>C]A	0.005135292249121177
G[T>A]C	0.005028050577212891
T[T>A]A	0.004949112930854417
G[T>C]C	0.004921643879451541
A[C>G]A	0.004889762870036761
C[C>G]C	0.004454757632103421
G[T>G]G	0.00435005846378927
demographic.gender	0.004261380355022236
T[T>C]C	0.003991170165387066
G[C>T]T	0.0038626284735162387
T[C>G]A	0.003786719977057674
G[T>A]G	0.0036365188775398143
T[T>G]T	0.003400923801262825
A[T>A]T	0.0033072717620625507
C[T>G]C	0.0033050123019943787
C[T>G]A	0.003274827720728246
T[T>G]G	0.0030900069802991203
A[T>G]G	0.0030464759783932096
A[T>C]C	0.0027607223489350746
T[T>G]A	0.0027003610300150222
T[T>C]T	0.0026045466418608615
C[T>G]T	0.002597883972080477
G[T>G]A	0.0017189020141703268
G[T>G]C	0.0016951946048155927
T[T>G]C	0.001632901141093696
A[T>G]T	0.0011315264505516597
A[T>G]A	0.0010251579773669407
